Вопрос,Правильный,Неверный1,Неверный2,Неверный3,Картинка
Какая планета Солнечной системы находится ближе всего к Солнцу?,Меркурий,Венера,Земля,Марс,mercury.jpg
Как называется ближайшая к Земле звезда (не считая Солнца)?,Проксима Центавра,Сириус,Альфа Центавра A,Бетельгейзе,proxima_centauri.jpg
Сколько минут требуется солнечному свету, чтобы достичь Земли?,8 минут 20 секунд,1 минута,1 час,24 часа,sun_earth_light.jpg
Как называется галактика, в которой мы живем?,Млечный Путь,Туманность Андромеды,Треугольник,Большое Магелланово Облако,milky_way.jpg
Какая планета известна своими ярко выраженными кольцами?,Сатурн,Юпитер,Уран,Нептун,saturn_rings.jpg
Кто был первым человеком, ступившим на Луну?,Нил Армстронг,Юрий Гагарин,Базз Олдрин,Майкл Коллинз,neil_armstrong.jpg
Как называется явление, когда Луна полностью закрывает Солнце?,Солнечное затмение,Лунное затмение,Суперлуние,Кольцеобразное затмение,solar_eclipse.jpg
Какой объект считается карликовой планетой и раньше был девятой планетой?,Плутон,Эрида,Макемаке,Церера,pluto.jpg
Какая планета является самой большой в Солнечной системе?,Юпитер,Сатурн,Нептун,Уран,jupiter.jpg
Как называется ближайший к Земле крупный астероид (иногда видимый невооруженным глазом)?,Веста,Церера,Паллада,Юнона,vesta_asteroid.jpg
Как называется комета, которая возвращается к Солнцу каждые 75-76 лет?,Комета Галлея,Комета Хейла-Боппа,Комета Шумейкеров-Леви 9,Комета Энке,halley_comet.jpg
Какая вторая космическая скорость (скорость убегания) для Земли?,11.2 км/с,7.9 км/с,16.7 км/с,3.0 км/с,earth_escape_velocity.jpg
Как называется естественный спутник Земли?,Луна,Фобос,Деймос,Европа,moon.jpg
В каком году был запущен первый искусственный спутник Земли «Спутник-1»?,1957,1961,1945,1969,sputnik.jpg
Какое созвездие на небе легко узнать по «ковшу» из семи ярких звезд?,Большая Медведица,Малая Медведица,Кассиопея,Орион,big_dipper.jpg
Как называется самая яркая звезда на ночном небе (после Солнца)?,Сириус,Канопус,Арктур,Вега,sirius.jpg
Где находится Большое Красное Пятно?,На Юпитере,На Марсе,На Сатурне,На Солнце,great_red_spot.jpg
Кто был первой женщиной-космонавтом?,Валентина Терешкова,Светлана Савицкая,Салли Райд,Пегги Уитсон,valentina_tereshkova.jpg
Как называется ближайшая к нам крупная галактика (не Млечный Путь)?,Туманность Андромеды,Магелланово облако,Галактика Водоворот,Галактика Сомбреро,andromeda.jpg
Из какого состояния вещества состоит Солнце?,Плазма,Газ,Жидкость,Твердое тело,sun_plasma.jpg
Как называется траектория движения планеты вокруг звезды?,Орбита,Экватор,Ось,Афелий,orbit.jpg
Как называется падающая звезда (сгорающая в атмосфере)?,Метеор,Метеорит,Метеороид,Астероид,meteor.jpg
Какая планета вращается «лежа на боку» (ось наклонена на 98 градусов)?,Уран,Венера,Меркурий,Нептун,uranus.jpg
Что такое МКС?,Международная космическая станция,Модульная космическая система,Межпланетная космическая станция,Манёвренная космическая ступень,iss.jpg
Сколько планет в Солнечной системе (считая официальные)?,8,9,7,10,eight_planets.jpg
Какая планета известна как «Красная планета»?,Марс,Юпитер,Венера,Меркурий,mars_red.jpg
Какая планета вращается в обратном направлении (ретроградное вращение)?,Венера,Уран,Нептун,Земля,venus_rotation.jpg
Как называется пояс астероидов между Марсом и Юпитером?,Главный пояс астероидов,Пояс Койпера,Облако Оорта,Пояс Эджуорта,asteroid_belt.jpg
Кто первым предложил гелиоцентрическую модель мира?,Николай Коперник,Птолемей,Галилео Галилей,Иоганн Кеплер,copernicus.jpg
Как называется остаток взорвавшейся сверхновой в созвездии Тельца?,Крабовидная туманность,Туманность Ориона,Туманность Киля,Туманность Кольцо,crab_nebula.jpg
Какой космический аппарат впервые вышел за пределы Солнечной системы?,Вояджер-1,Вояджер-2,Пионер-10,Новые Горизонты,voyager1.jpg
Сколько звезд в созвездии Южного Креста (главных, образующих крест)?,4,5,3,6,southern_cross.jpg
Как называется процесс рождения звезды из газа и пыли?,Протозвезда,Сверхновая,Гелиевая вспышка,Конвекция,protostar.jpg
Какой газ преобладает на Юпитере и Сатурне?,Водород,Гелий,Метан,Углекислый газ,hydrogen.jpg
Как называется самая высокая гора в Солнечной системе (на Марсе)?,Олимп,Гора Эверест,Гора Шарпа,Пик Гюйгенса,olympus_mons.jpg
Что такое «пояс Койпера»?,Область ледяных тел за Нептуном,Пояс астероидов,Внешняя атмосфера Солнца,Кольца Сатурна,kuiper_belt.jpg
Как называется первая в мире ракета-носитель для полета человека в космос (СССР)?,Р-7 (Восток),Союз,Протон,Энергия,r7_rocket.jpg
Какова первая космическая скорость для Земли (круговая орбита)?,7.9 км/с,5 км/с,11.2 км/с,9.8 км/с,first_cosmic_speed.jpg
Что находится в центре нашей галактики?,Сверхмассивная черная дыра,Красный гигант,Шаровое скопление,Туманность,sagittarius_a.jpg
Как называется спутник Марса, название которого переводится как «Страх»?,Фобос,Деймос,Европа,Тритон,phobos.jpg
Какая звезда станет следующей сверхновой в нашей галактике (кандидат)?,Бетельгейзе,Полярная звезда,Ригель,Процион,betelgeuse.jpg
Сколько астрономических единиц (а.е.) примерно до Плутона?,39.5 а.е.,1 а.е.,150 а.е.,10 а.е.,pluto_distance.jpg
Как называется явление прохождения планеты по диску Солнца?,Транзит,Затмение,Оккультация,Парад планет,venus_transit.jpg
Как называется российский (бывший советский) многоразовый космический корабль?,Буран,Шаттл,Dream Chaser,Клипер,buran.jpg
Какой астероид, по мнению ученых, погубил динозавров?,Чикшулуб,Апофис,Эрос,Гаспра,chicxulub.jpg
Какая туманность находится в созвездии Ориона и видна невооруженным глазом?,Туманность Ориона (M42),Туманность Андромеды,Туманность Конус,Туманность Северная Америка,orion_nebula.jpg
Как называется точка орбиты, ближайшая к Солнцу?,Перигелий,Афелий,Перигей,Апогей,perihelion.jpg
Какой космонавт первым вышел в открытый космос?,Алексей Леонов,Эдвин Уайт,Юрий Гагарин,Владимир Комаров,leonov_spacewalk.jpg
Из чего в основном состоит хвост кометы?,Газ и пыль,Лед,Камни,Плазма,comet_tail.jpg
Как называется самая маленькая планета Солнечной системы?,Меркурий,Марс,Плутон,Венера,mercury_small.jpg
Что такое «созвездие»?,Группа звезд, образующих воображаемый узор,Любое скопление звезд,Часть галактики,Остаток сверхновой,constellation.jpg
Какая страна запустила первый спутник?,СССР,США,Китай,Германия,first_satellite.jpg
Как называется спутник Юпитера с вулканами?,Ио,Европа,Ганимед,Каллисто,io_volcano.jpg
Сколько времени нужно МКС, чтобы облететь Землю?,90 минут,24 часа,12 часов,45 минут,iss_orbit.jpg
Как называется явление гравитационной линзы, предсказанное Эйнштейном?,Гравитационное линзирование,Красное смещение,Червоточина,Фотонный слой,gravitational_lens.jpg
Какая звезда является Полярной (Северной)?,Полярис,Вега,Денеб,Альтаир,polaris.jpg
Что такое «световой год»?,Расстояние, которое свет проходит за год,Время полета света,Скорость света,Год со многими солнечными днями,light_year.jpg
Как называется выжженная пустыня на Венере, где сел советский аппарат?,Земля Венеры,Равнина Иштар,Плато Лакшми,Долина Дианы,venera_landing.jpg
В каком году Юрий Гагарин совершил полет в космос?,1961,1957,1965,1969,gagarin_1961.jpg
Как называется самый большой спутник в Солнечной системе?,Ганимед (Юпитер),Титан (Сатурн),Луна (Земля),Каллисто,ganymede.jpg
Что такое «экзопланета»?,Планета вне Солнечной системы,Карликовая планета,Планета-гигант,Планета-сирота,exoplanet.jpg
Как называется рой микрометеороидов вокруг Сатурна, создающий «колючки» на кольцах?,Пропиллеры,Странники,Пастухи,Драконы,propellers_saturn.jpg
Сколько крупных лун у Марса?,2,1,3,0,mars_moons.jpg
Как называется космический телескоп, запущенный в 1990 году?,Хаббл,Джеймс Уэбб,Спитцер,Чандра,hubble.jpg
Какой химический элемент преобладает в недрах Земли?,Железо,Кислород,Кремний,Магний,earth_core_iron.jpg
Какая комета была видна даже днем в 2020 году?,NEOWISE,Галлей,Хейла-Боппа,ISON,comet_neowise.jpg
Как называется сила, удерживающая планеты на орбитах?,Гравитация,Магнетизм,Кориолисова сила,Центробежная сила,gravity.jpg
Какой космический аппарат доставил на Землю образцы с астероида Рюгу?,Хаябуса-2,Осирис-Рекс,Луна-24,Кассини,hayabusa2.jpg
Какая из планет-гигантов имеет наименьшую плотность (могла бы плавать в воде)?,Сатурн,Юпитер,Уран,Нептун,saturn_float.jpg
Что такое «маскон» на Луне?,Граво-магнитная аномалия,Кратер,Море,Гора,mascon_moon.jpg
Какая миссия первой доставила людей на Луну?,Аполлон-11,Аполлон-13,Восток-1,Джемини-7,apollo11.jpg
Как называется освещенная часть Луны, растущая после новолуния?,Молодая Луна,Ущербная Луна,Полумесяц,Четверть,young_moon.jpg
Какова температура на поверхности Венеры (в градусах Цельсия)?,+462 °C,+100 °C,0 °C,+1200 °C,venus_temperature.jpg
Как называется скопление звезд в виде шара (например, M13)?,Шаровое скопление,Рассеянное скопление,Галактика,Туманность,globular_cluster.jpg
Кто изобрел первый телескоп для наблюдения за звездами?,Галилео Галилей,Исаак Ньютон,Ханс Липперсгей,Иоганн Кеплер,galileo_telescope.jpg
Как называется зона, где гравитация черной дыры не отпускает даже свет?,Горизонт событий,Эргосфера,Сингулярность,Аккреционный диск,event_horizon.jpg
Сколько созвездий официально признано Международным астрономическим союзом?,88,48,108,12,constellations_88.jpg
Как называется выброс плазмы из атмосферы Солнца?,Корональный выброс массы,Солнечный ветер,Вспышка,Протуберанец,cme_sun.jpg
Какой газ придает Нептуну и Урану синий цвет?,Метан,Водород,Гелий,Аммиак,methane_blue.jpg
Как называется самый известный астероид, который может столкнуться с Землей в 2029/2036 (открыт в 2004)?,Апофис,Бенну,Дидим,Эрос,apophis.jpg
В каком созвездии находится звезда Сириус?,Большой Пес,Орион,Малый Пес,Единорог,sirius_constellation.jpg
Как называется ледяной карлик, который крупнее Плутона?,Эрида,Церера,Макемаке,Хаумеа,eris.jpg
Какой российский луноход работал на Луне в 1970 году?,Луноход-1,Луноход-2,Марсоход,Селеноход,lunokhod1.jpg
Какая планета видна с Земли как «Утренняя звезда»?,Венера,Юпитер,Марс,Меркурий,venus_morning_star.jpg
Что такое «метеорит»?,Упавший на Землю метеороид,Сгоревшая в атмосфере частица,Кометное ядро,Вспышка на Солнце,meteorite_fall.jpg
Сколько времени длится день на Юпитере (в земных часах)?,10 часов,24 часа,5 часов,48 часов,jupiter_day.jpg
Как называется эффект изменения частоты света от удаляющихся галактик?,Красное смещение,Эффект Доплера,Фиолетовое смещение,Реликтовое излучение,redshift.jpg
Как называется самый высокий действующий вулкан Солнечной системы (на Ио)?,Локи,Олимп,Этна,Маат,loki_patera.jpg
Какой космический зонд исследовал систему Сатурна 13 лет и был затоплен в его атмосфере?,Кассини,Галилео,Вояджер-1,Нью-Горизонс,cassini.jpg
Как называется спутник, который всегда повернут к планете одной стороной (синхронное вращение)?,Синхронный спутник,Троянский,Пастух,Квазиспутник,synchronous_moon.jpg
Из какого материала в основном состоят метеориты, найденные на Земле?,Железо и никель,Кремний,Углерод,Лед,iron_meteorite.jpg
Как называется начальное взрывное расширение Вселенной?,Большой взрыв,Инфляция,Конденсация,Сингулярность,big_bang.jpg
Какая миссия NASA впервые посадила вертолет на другую планету (Марс)?,Марс 2020 (Ingenuity),Марс Одиссей,Марс-3,Спирит,ingenuity_helicopter.jpg
Что такое «карликовая планета»?,Небесное тело, не очистившее окрестности своей орбиты,Маленькая планета,Спутник планеты,Астероид,dwarf_planet.jpg
Как называется скопление галактик, в которое входит Млечный Путь?,Местная группа,Скопление Девы,Сверхскопление Ланиакея,Скопление Гидры,local_group.jpg
Какой космонавт провел в космосе больше всего времени (суммарно) в мире?,Геннадий Падалка,Сергей Крикалёв,Юрий Маленченко,Валерий Поляков,padalka_record.jpg
Какая звезда является самой массивной из известных (R136a1)?,R136a1,UY Щита,Стивенсон 2-18,Бетельгейзе,r136a1.jpg
Как называются два облака газа и пыли у южного полюса Юпитера?,Голубые завихрения,Большое красное пятно,Южные тропические возмущения,Белые овалы,blue_swirls_jupiter.jpg
С какой планеты идет самый сильный «алмазный дождь» (по теории)?,Сатурн,Юпитер,Уран,Нептун,saturn_diamond_rain.jpg
В каком году человек высадился на Луну (пилотируемая высадка)?,1969,1968,1970,1972,moon_landing_1969.jpg
Какая планета была открыта «на кончике пера» с помощью математики?,Нептун,Уран,Плутон,Меркурий,neptune_discovered.jpg
Как называется гравитационно-связанная система из звезд и их остатков?,Галактика,Скопление,Туманность,Астеризм,galaxy_spiral.jpg
Что такое «солнечный ветер»?,Поток заряженных частиц от Солнца,Ветер на Солнце,Изменение погоды на Солнце,Корональные дыры,solar_wind.jpg
Что такое черная дыра?,Область пространства-времени с бесконечной плотностью,Сгоревшая звезда из нейтронов,Гигантская планета-газовик,Облако замерзшего водорода,black_hole_singularity.jpg
Как называется сверхъяркое ядро далекой галактики с питающей черной дырой?,Квазар,Блазар,Радиогалактика,Сейфертовская галактика,quasar_3c273.jpg
Из чего предположительно состоит темная материя?,WIMP (слабо взаимодействующие массивные частицы),Нейтрино,Фотоны,Темные атомы водорода,wimp_dark_matter.jpg
Какая черная дыра находится в центре Млечного Пути?,Стрелец A*,Стрелец A,Лебедь X-1,Лебедь A,sagittarius_a_star.jpg
Какая галактика является ближайшим квазаром (в прошлом, ныне спокойная)?,Маркарян 231,Центавр A,Дева A,Лебедь A,markarian_231.jpg
Что такое "сверхмассивная черная дыра"?,Черная дыра массой от миллионов до миллиардов масс Солнца,Черная дыра звездной массы,Черная дыра из темной материи,Квантовая черная дыра,supermassive_black_hole.jpg
Как темная материя влияет на формирование галактик?,Служит гравитационным каркасом для притяжения обычной материи,Разгоняет галактики,Останавливает звездообразование,Создает магнитные поля,dark_matter_halo.jpg
Как называется процесс испарения черной дыры, предсказанный Хокингом?,Излучение Хокинга,Квантовая флуктуация,Аннигиляция,Туннельный эффект,hawking_radiation.jpg
Какой известный квазар является самым ярким в видимом свете (на земном небе)?,3C 273,PKS 0637-752,TON 618,3C 48,3c273_quasar.jpg
Что такое "аккреционный диск" черной дыры?,Раскаленный газ и пыль, вращающиеся перед падением в дыру,Сфера из антиматерии,Хвост кометы,Кольца падающих планет,accretion_disk.jpg
Какая доля массы Вселенной приходится на темную материю (по современным данным)?,Около 27%,Около 5%,Около 68%,Около 50%,dark_matter_percent.jpg
Какая черная дыра является ближайшей к Земле (открытая в 2022 году)?,Gaia BH1,Лебедь X-1,V616 Единорога,A0620-00,gaia_bh1.jpg
Как называется эффект гравитационного искривления света, помогающий изучать темную материю?,Гравитационное линзирование,Эффект Доплера,Эффект Унру,Эффект Казимира,gravitational_lensing.jpg
Какой квазар является самым далеким из обнаруженных (по состоянию на 2024 год)?,UHZ1,J0313-1806,Pōniuāʻena,ULAS J1120+0641,uhz1_quasar.jpg
Как называются первичные черные дыры, возникшие в первые секунды после Большого взрыва?,Первичные черные дыры,Квантовые черные дыры,Микро-дыры,Ложные вакуумные дыры,primordial_black_holes.jpg
Как темная материя проявляет себя на космологических масштабах?,Через гравитационное взаимодействие (не излучая свет),Через мощное радиоизлучение,Через гамма-всплески,Через свечение в инфракрасном диапазоне,dark_matter_gravity.jpg
Что такое "фотонная сфера" черной дыры?,Последняя орбита, где фотоны движутся по кругу,Ядро черной дыры,Зона горизонта событий,Область вырожденного вещества,photon_sphere.jpg
Какой квазар обладает самой большой известной сверхмассивной черной дырой?,TON 618,S5 0014+81,SDSS J0100+2802,H1821+643,ton618_black_hole.jpg
Что такое "темная энергия"?,Загадочная сила, ускоряющая расширение Вселенной,Форма темной материи,Энергия черных дыр,Кинетическая энергия галактик,dark_energy.jpg
Как называется сингулярность черной дыры?,Точка бесконечной плотности и кривизны пространства,Центр аккреционного диска,Внешний горизонт,Кольцевая мембрана,singularity.jpg
Какой метод используется для обнаружения темной материи в лабораториях?,Поиск рекогнулирующих атомов (детекторы LUX, XENON),Ускорители частиц,Лазерная интерферометрия,Масс-спектрометрия,lux_detector.jpg
Как называется эффект "спагеттификации" при падении в черную дыру?,Растяжение объекта приливными силами,Сжатие до точки,Испарение,Превращение в плазму,spaghettification.jpg
В каком созвездии находится квазар 3C 273?,Дева,Лев,Большая Медведица,Геркулес,virgo_constellation.jpg
Какая гипотетическая частица считается главным кандидатом на роль темной материи?,Аксион,Бозон Хиггса,Гравитон,Тахион,axion_dark_matter.jpg
Что такое "черная дыра звездной массы"?,Черная дыра, образовавшаяся при коллапсе массивной звезды,Черная дыра в центре галактики,Микро-черная дыра,Кварковая звезда,stellar_black_hole.jpg
Какой космический телескоп лучше всего изучил распределение темной материи?,Хаббл (COSMOS survey),Джеймс Уэбб,Спитцер,Чандра,hubble_cosmos.jpg
Как называется релятивистская струя плазмы, выбрасываемая квазарами?,Релятивистский джет,Плазменный тороид,Звездный ветер,Астрофизическая струна,quasar_jet.jpg
Что такое "кротовая нора" (мост Эйнштейна-Розена)?,Гипотетический туннель между двумя черными дырами,Врата в другую вселенную,Ускоритель частиц,Двойная звезда,wormhole.jpg
Какой квазар виден в любительский телескоп как звезда 12.9 величины?,3C 273,3C 48,LEDA 158349,QSO B0839+187,3c273_amateur.jpg
Как темная материя распределена в галактиках?,В виде сферического гало вокруг диска,Равномерно по всему объему,Только в ядре,В виде нитей между звездами,dark_matter_halo_sphere.jpg
Что такое "экзотическая материя" для червоточин?,Материя с отрицательной энергией плотности,Антиматерия,Темная материя,Вырожденное вещество,exotic_matter.jpg
Какой тип галактик содержит наиболее активные квазары?,Сейфертовские галактики,Эллиптические галактики,Неправильные галактики,Карликовые галактики,seyfert_galaxy.jpg
Какой эксперимент по поиску темной материи находится в подземной лаборатории Гран-Сассо (Италия)?,XENONnT,LUX,DAMA/LIBRA,CDMS,xenonnt_lab.jpg
Как называется точка невозврата вокруг черной дыры?,Горизонт событий,Гравитационный радиус,Эргосфера,Предел Роша,event_horizon_close.jpg
Какой известный квазар обладает оптическими джетами, видимыми в телескоп?,PKS 0637-752,3C 273,4C 41.17,MG J0414+0534,pks0637_jet.jpg
С помощью какого явления астрономы "взвешивают" темную материю в скоплениях галактик?,Гравитационное линзирование,Эффект Сюняева-Зельдовича,Рентгеновская эмиссия,Радиоизлучение нейтрального водорода,lensing_cluster.jpg
Что такое "эргосфера" вращающейся черной дыры (дыры Керра)?,Область, где невозможно оставаться неподвижным,Внутренний горизонт,Внешний горизонт,Диск аккреции,ergosphere.jpg
Как называется карта распределения темной материи, полученная телескопом "Планк"?,Карта гравитационного потенциала,Карта реликтового излучения,Карта барионных осцилляций,Карта скорости галактик,planck_dark_matter_map.jpg
Какой частоте соответствует излучение реликтового фона (Cвч)?,160 ГГц,50 ГГц,300 ГГц,10 ГГц,cmb_map.jpg
Как называется процесс слияния двух черных дыр, обнаруженный LIGO?,Гравитационно-волновой всплеск,Киллнова,Гиперновая,Гамма-всплеск,ligo_merger.jpg
Что такое "темная звезда" (гипотетическая)?,Звезда, питаемая аннигиляцией темной материи,Невидимая нейтронная звезда,Черная дыра на ранней стадии,Сгоревший красный гигант,dark_star.jpg
Какой самый яркий квазар имеет абсолютную величину -28?,3C 273,TON 618,S5 0014+81,APM 08279+5255,brightest_quasar.jpg
Как называется гипотеза, что темная материя состоит из MACHO?,Массивные компактные объекты гало (MACHO),Массивные нейтрино,Капельки кварков,Барионные сгустки,macho_dark_matter.jpg
Что такое "планковская длина" в контексте черных дыр?,Расстояние, на котором квантовые эффекты важны для гравитации,Диаметр черной дыры с массой Планка,Размер сингулярности,Толщина горизонта событий,planck_length.jpg
Какой квазар имеет рекордное красное смещение z=10.3?,UHZ1,J0313-1806,GN-z11,EGSY8p7,uhz1_z10.jpg
Какое вещество составляет большую часть массы Вселенной?,Темная энергия (~68%),Темная материя (~27%),Обычная материя (~5%),Нейтрино (~0.3%),universe_composition.jpg
Как называются сверхлегкие частицы-кандидаты для темной материи с массой мэВ?,Ультралегкие аксионы,Вимпы,Слабо взаимодействующие,Суперсимметричные партнеры,ultra_light_axion.jpg
Какой эффект используется для поиска аксионов (темной материи) в лаборатории?,Эффект Примакова (превращение в фотон в маг поле),Эффект Мейснера,Эффект Зеемана,Эффект Джозефсона,primakoff_effect.jpg
Что такое "нейтронная звезда"?,Сверхплотный остаток сверхновой,Белый карлик,Черная дыра малой массы,Мини-черная дыра,neutron_star.jpg
Как называется пульсар в Крабовидной туманности?,PSR B0531+21,PSR J0108-1431,PSR B1257+12,PSR J0737-3039,crab_pulsar.jpg
В каком созвездии находится знаменитая двойная система с черной дырой Лебедь X-1?,Лебедь,Геркулес,Лира,Орел,cygnus_x1.jpg
Какая миссия NASA изучает темную энергию и темную материю через космическую карту?,Euclid (совместно с ЕКА),WFIRST,James Webb,Spitzer,euclid_mission.jpg
Как называется тип черной дыры, который теоретически может быть размером с атом?,Микро-черная дыра,Примордиальная дыра,Кротовая нора,Квантовая струна,micro_black_hole.jpg
Что такое "реликтовое нейтрино"?,Остатки нейтрино от Большого взрыва,Нейтрино от сверхновой,Нейтрино от Солнца,Искусственные нейтрино,relic_neutrino.jpg
Какой квазар виден с Земли как "двойной" из-за гравитационного линзирования?,Двойной квазар (Q0957+561),3C 273,TON 618,4C 41.17,double_quasar.jpg
Как называется самый мощный гамма-всплеск, связанный с черной дырой?,GRB 221009A (BOAT),GRB 090423,GRB 080319B,GRB 130427A,boat_gamma_burst.jpg
Какой российский телескоп (на орбите) ищет темную материю через гамма-спектр?,Спектр-РГ (ART-XC),Радиоастрон,Квант-1,"Миллиметрон",spektr_rg.jpg
Что такое "барионная акустическая осцилляция"?,Звуковые волны в ранней Вселенной, оставившие отпечаток,Всплески от черных дыр,Колебания нейтронных звезд,Пульсации белых карликов,bao_oscillation.jpg
Как называется горизонт событий у невращающейся черной дыры (дыра Шварцшильда)?,Сфера Шварцшильда,Сфера Керра,Гравитационный радиус,Радиус Планка,schwarzschild_radius.jpg
Какой квазар используется как стандартная свеча для измерения расстояний?,Квазары с широкими линиями,Радиогромкие квазары,Квазары-линзы,Переменные квазары,standard_candle_quasar.jpg
Какой самый чувствительный детектор темной материи в мире (2024 год)?,XENONnT,PandaX-4T,LUX-ZEPLIN,DARWIN,xenonnt_detector.jpg
Что такое "черная дыра Керра"?,Вращающаяся черная дыра с аккреционным диском,Статическая сфера,Заряженная дыра,Голая сингулярность,kerr_black_hole.jpg
Как называется экзотическая звезда из кварковой материи?,Кварковая звезда,Нейтронная звезда,Гиперонная звезда,Преонная звезда,quark_star.jpg
Где находятся самые горячие и мощные квазары?,В ранней Вселенной (высокое красное смещение),В центре Млечного Пути,В шаровых скоплениях,В Магеллановых облаках,early_universe_quasar.jpg
Какой химический элемент был впервые синтезирован в черной дыре (теоретически)?,Сверхтяжелые элементы (теория),Золото,Платина,Уран,superheavy_elements.jpg
Что такое "темный фотон"?,Гипотетическая частица-переносчик темного электромагнетизма,Фотон в черной дыре,Квант темной энергии,Магнитный монополь,dark_photon.jpg
Как называется рентгеновский двойной источник, содержащий черную дыру в нашей Галактике?,Cygnus X-1,Centaurus X-3,Hercules X-1,Vela X-1,cygnus_x1_binary.jpg
Какой эффект предсказывает, что темная материя может аннигилировать в гамма-фотоны?,Аннигиляционная линия на 511 кэВ,Линия 21 см,Линия Лайман-альфа,Линия запрещенного железа,annihilation_line.jpg
Что такое "пульсар"?,Быстро вращающаяся нейтронная звезда c радиолучом,Черная дыра с джетом,Активное ядро галактики,Гамма-всплеск,pulsar_neutron_star.jpg
Какой телескоп впервые сфотографировал тень черной дыры (M87*)?,Event Horizon Telescope (EHT),Хаббл,Джеймс Уэбб,Чандра,eht_black_hole.jpg
Какая черная дыра находится в галактике M87?,M87*,Sgr A*,NGC 4486,Cygnus A,m87_star.jpg
Как называется процесс, при котором черная дыра теряет массу?,Излучение Хокинга,Гравитационный коллапс,Слияние,Аккреция,hawking_evaporation.jpg
Какой квазар самый массивный (масса черной дыры 66 млрд масс Солнца)?,TON 618,S5 0014+81,SDSS J0100+2802,H1821+643,ton618_mass.jpg
Какую долю энергии темной материи составляет аннигиляционный сигнал в центре Галактики?,Спорно, но возможно до 5%,Точно 0%,Около 50%,Более 80%,galactic_center_annihilation.jpg
Что такое "ГОСТ" в астрофизике черных дыр?,Горизонт событий,Гиперболическая орбита,Термодинамика черных дыр,Гамма-оптическое искажение,event_horizon.jpg
Как называется светящаяся дуга от гравитационного линзирования (Эйнштейна)?,Кольцо Эйнштейна,Дуга Бернса,Крест Эйнштейна,Гравитационная радуга,einstein_ring.jpg
В каком году была открыта первая черная дыра (Лебедь X-1)?,1964 (кандидат), 1972 (подтверждена),1974,1981,1990,cygnus_x1_discovery.jpg
Какой метод ищет аксионную темную материю по резонансу в микроволновой полости?,ADMX эксперимент,ATLAS,CMS,LUX,admx_experiment.jpg
Что такое "S-образный изгиб" джета квазара?,Результат прецессии аккреционного диска,Стоячая волна,Карта магнитного поля,Вращение галактики,precessing_jet.jpg
Какая галактика содержит активный квазар с самым мощным радиоджетом?,Центавр A,Лебедь A,Дева A,Персей A,centaurus_a.jpg
Как называется область между горизонтом и сингулярностью?,Пространство-время дыры,Ничто,Эргосфера,Инфляционная зона,interior_black_hole.jpg
Какой ученый предложил существование темной материи на основе скорости вращения галактик?,Вера Рубин,Фриц Цвикки,Ян Эйнар,Джон фон Нейман,vera_rubin.jpg
Что такое "микролинзирование" в контексте темной материи?,Усиление яркости звезды от проходящего компактного объекта,Микроскопическая черная дыра,Линзирование нейтрино,Искажение пульсара,microlensing.jpg
Какой квазар самый яркий в радиодиапазоне?,Cygnus A,3C 273,Fornax A,Pictor A,cygnus_a_radio.jpg
Как называются астероиды, сформированные из остатков звезд?,Планетезимали,Хондры,Тектиты,Реджилит,planetesimals.jpg
Какой атмосферный слой защищает Землю от метеоритов?,Мезосфера,Тропосфера,Стратосфера,Термосфера,mesosphere_meteor.jpg
Сколько длится синодический период Марса?,780 дней,687 дней,365 дней,224 дня,mars_synodic.jpg
Какая миссия привезла грунт с кометы 67P/Чурюмова-Герасименко?,Розетта (посадка Филы),Hayabusa2,Dawn,Stardust,rosetta_comet.jpg
Как называется второй по величине спутник Сатурна?,Рея,Титан,Диона,Япет,rhea_moon.jpg
Какая пилотируемая программа США следовала за "Меркурием"?,Джемини,Аполлон,Артемида,Орион,gemini_program.jpg
Как называется корабль SpaceX для полетов на Луну и Марс?,Starship,Crew Dragon,Falcon Heavy,Dragon XL,starship_spacex.jpg
Какой российский модуль МКС называется "Наука"?,Многофункциональный лабораторный модуль "Наука",Заря,Звезда,Поиск,nauka_module.jpg
Какая планета имеет самый короткий день (период вращения 9.93 часа)?,Юпитер,Сатурн,Нептун,Земля,jupiter_short_day.jpg
Какую температуру имеет поверхность Меркурия ночью?,-173 °C,-100 °C,0 °C,+200 °C,mercury_night_temp.jpg
Как называется скопление галактик "Волос Вероники"?,Скопление Девы,Скопление Гидры,Скопление Печи,Скопление Льва,coma_cluster.jpg
Какой спутник Урана вращается в обратном направлении (ретроградно)?,Тристан,Миранда,Ариэль,Умбриэль,tristan_retrograde.jpg
Как называется самая яркая комета 20-го века?,Комета Хейла-Боппа,Комета Веста,Комета ИКЭЯ-Сэки,Комета Аренда-Ролана,hale_bopp.jpg
Какое расстояние от Земли до Марса в момент противостояния?,~55-100 млн км,1 а.е.,2 а.е.,400 млн км,mars_opposition.jpg
Как называется газовый гигант-изгой без родительской звезды?,Планета-сирота,Бродячая планета,Эксцентричная планета,Хаотичная планета,rogue_planet.jpg
Как звали человека, создавшего теорию гравитации, объясняющую орбиты планет?,Исаак Ньютон,Альберт Эйнштейн,Иоганн Кеплер,Галилео Галилей,newton_gravity.jpg
Какой тип ракетного двигателя использует твердое топливо?,РДТТ,ЖРД,Электроракетный,Ядерный,rdtt_solid.jpg
Как называются метеороиды размером с песчинку?,Микрометеороиды,Пылевые частицы,Метеоры,Болиды,micrometeoroid.jpg
Какой спутник Юпитера покрыт коркой льда и имеет подледный океан?,Европа,Ганимед,Ио,Каллисто,europa_ocean.jpg
Какой космонавт (1906-1966) был главным конструктором первых ракет?,Сергей Королёв,Валентин Глушко,Владимир Челомей,Михаил Янгель,korolev_rocket.jpg
Какой объект Пояса Койпера носит имя божества подземного мира?,Плутон (рим. Плутон),Макемаке,Хаумеа,Эрида,pluto_underworld.jpg
Как называется двигатель, создающий тягу ионизированным газом?,Ионный двигатель,Плазменный,Фотонный,Гравитационный маневр,ion_engine.jpg
Какая ракета доставила "Джеймса Уэбба" в космос?,Ариан-5,Falcon Heavy,SLS,Протон,ariane5_webb.jpg
Как называется зона стабильной телепортации (L1, L2) в космосе?,Точка Лагранжа,Орбитальный резонанс,Гравитационный колодец,Энергетический барьер,lagrange_point.jpg
Какой русский ученый открыл возможность реактивного движения в космосе?,Константин Циолковский,Фридрих Цандер,Юрий Кондратюк,Михаил Тихонравов,tsiolkovsky.jpg
Как называются кольца Юпитера?,Гало (главное кольцо, паутинные),Кольца Шекспира,Кольца Галилея,Кольца Юноны,jupiter_rings_halo.jpg
Какой спутник Нептуна вращается в обратном направлении и является крупнейшим ретроградным?,Тритон,Нереида,Протей,Лариса,triton_retrograde.jpg
Как называется путь, по которому движутся кометы из Облака Оорта?,Гиперболическая орбита,Эллиптическая орбита,Параболическая орбита,Хаотический маршрут,hyperbolic_orbit.jpg
Какое событие породило Луну (гипотеза)?,Гигантское столкновение с Тейей,Гравитационный захват,Разрыв от Земли,Совместное формирование,giant_impact_theia.jpg
Как называется самый тяжелый спутник Сатурна (имеет атмосферу)?,Титан,Рея,Диона,Тефия,titan_atmosphere.jpg
Какая страна имеет ракету "Falcon 9" с возвращаемой первой ступенью?,США (SpaceX),Россия,Китай,Индия,falcon9_landing.jpg
Где находится самый большой ударный кратер на Меркурии?,Равнина Жары (Caloris Basin),Море Холода,Кратер Коперник,Бассейн Южный полюс,caloris_basin.jpg
Как называется последняя стадия жизни звезды типа Солнца?,Белый карлик,Чёрная дыра,Нейтронная звезда,Красный гигант,white_dwarf.jpg
Сколько времени длится день на Венере (звездные сутки)?,243 земных дня,24 часа,10 часов,365 дней,venus_day_length.jpg
Какой космический зонд пролетел мимо Плутона в 2015 году?,Новые Горизонты (New Horizons),Вояджер-2,Кассини,Пионер-10,new_horizons_pluto.jpg
Какой элемент атмосферы Марса доминирует?,Углекислый газ (95%),Азот,Аргон,Кислород,mars_atmosphere_co2.jpg
Как называется аппарат, севший на Титан (спутник Сатурна) в 2005 году?,Гюйгенс,Филы,Битл,Шмель,huygens_titan.jpg
Какой у космонавтов прибор для туалета в невесомости называется?,АСУ (ассенизационная установка),Утилизатор,Вакуумный сборник,Накопитель,asu_space_toilet.jpg
Какой астероид является самым большим в Главном поясе?,Церера,Веста,Паллада,Гигея,ceres_asteroid.jpg
Какая планета видна с Земли наиболее ярко?,Венера,Юпитер,Марс,Меркурий,venus_brightest.jpg
Как называется космический корабль для лунной программы "Артемида"?,Орион,Аполлон,Starship HLS,ЛМ,orion_spacecraft.jpg
Что такое "черное небо" на Луне?,Отсутствие атмосферы, поэтому небо всегда черное,Лунная ночь,Тень от Земли,Реголит,dark_sky_moon.jpg
Какой спутник Марса падает на планету через 50 млн лет?,Фобос,Деймос,Никто,Тривия,phobos_decaying.jpg
Какая орбита позволяет спутнику "висеть" над одной точкой Земли?,Геостационарная орбита,Низкая опорная,Полярная,Высокоэллиптическая,geostationary.jpg
Как звали собаку, летавшую в космос на "Спутнике-2"?,Лайка,Белка,Стрелка,Звездочка,laika_dog.jpg
Как называются старые звездные скопления сферической формы?,Шаровые скопления,Открытые скопления,Ассоциации звезд,Сверхскопления,globular_cluster_old.jpg
Какая атмосфера у спутника Сатурна,Титана?,Азотно-метановая,Кислородная,Углекислая,Гелиевая,titan_atmosphere_nitrogen.jpg
Какой современный телескоп заменил Хаббл в инфракрасном диапазоне?,James Webb Space Telescope,WFIRST,Euclid,Spektr-РГ,jwst_infrared.jpg
Какой тип комет имеет короткий период (менее 200 лет)?,Короткопериодические,Долгопериодические,Параболические,Гиперболические,short_period_comet.jpg
Сколько модулей у МКС (приблизительно)?,16 основных модулей,5,32,40,iss_modules.jpg
Какая планета имеет систему колец, открытую только в 1977 году?,Уран,Юпитер,Сатурн,Нептун,uranus_rings.jpg
Как называется группа звезд, образующая фигуру, но не являющаяся созвездием?,Астеризм,Кластер,Группировка,Ожерелье,asterism.jpg
Какой российский астронавт (ЕКА) летал на "Союзе"?,Тома Песке,Тимоти Пик,Саманта Кристофоретти,Андреас Могенсен,thomas_pesquet.jpg
Как называется самый активный вулкан на Ио?,Локи,Пеле,Ра,Аматэрасу,loki_io.jpg
Какой объект был извергнут из Солнечной системы (пояс Койпера)?,Oumuamua,Кавела,Аррокот,Седна,oumuamua.jpg
Как называется аппарат "Чандраян-3" (Индия)?,Лунный посадочный модуль,Марсианский орбитер,Солнечный зонд,Астероидный перехватчик,chandrayaan3.jpg
Какой известный астероид упал в Сибири в 1908 году?,Тунгусский метеорит,Челябинский,Сихотэ-Алинский,Витимский,tunguska_1908.jpg
Как называется светящаяся голова кометы?,Кома,Ядро,Хвост,Ореол,coma_comet.jpg
Какой отечественный ракетный двигатель используют на "Союзе-2"?,РД-107А/108А,РД-180,РД-170,РД-191,rd107_soyuz.jpg
Как называется граница гелиосферы, где солнечный ветер сталкивается с межзвездной средой?,Гелиопауза,Терминационный шок,Ударная волна,Гравитационный барьер,heliopause.jpg
Какой спутник Юпитера самый большой (имеет собственное магнитное поле)?,Ганимед,Каллисто,Европа,Ио,ganymede_magnetic.jpg
Какая космическая обсерватория NASA изучает черные дыры в рентгене?,Чандра (Chandra),XMM-Newton,NuSTAR,Swift,chandra_observatory.jpg
Как звали первого американского астронавта в космосе?,Алан Шепард (суборбитальный),Джон Гленн,Нил Армстронг,Базз Олдрин,alan_shepard.jpg
Какой газовый гигант открыл Уильям Гершель в 1781 году?,Уран,Нептун,Юпитер,Сатурн,uranus_herschel.jpg
Как называются ледяные гейзеры на спутнике Энцеладе?,Криовулканы,Гейзеры Лейлы,Аммиачные фонтаны,Ледяные выбросы,cryovolcano_enceladus.jpg
Какая страна построила телескоп FAST (500 м сфера)?,Китай,США,Россия,Германия,fast_telescope.jpg
Что такое "ультрафиолетовое свечение" атмосферы Земли из космоса?,Геокорона,Сияние,Свечение Дейли,Аэрозольный слой,geocorona.jpg
Какой тип орбиты у спутников "GPS"?,Средняя околоземная (MEO, 20 200 км),Геостационарная,Низкая опорная,Высокоэллиптическая,gps_meo.jpg
Какой отечественный модуль МКС создан для исследований и шлюзов?,"Поиск" (МИМ-2),"Рассвет","Пирс" (затоплен),"Звезда",poisk_module.jpg
Какой самый маленький спутник из четырех галилеевых у Юпитера?,Европа,Ио,Ганимед,Каллисто,europa_smallest_galilean.jpg
Какая звезда с наименьшей массой называется?,Красный карлик,Белый карлик,Нейтронная звезда,Коричневый карлик,red_dwarf_lowest.jpg
Как называется режим полета при прохождении атмосферы Земли?,Аэродинамический тормоз,Глиссирование,Планирование,Суборбитальный,aerobraking.jpg
Какой американский шаттл разбился в 1986 году?,"Челленджер","Колумбия","Дискавери","Атлантис",challenger_shuttle.jpg
Как звали первого космонавта, вышедшего в открытый космос из Китая?,Чжай Чжиган,Ян Ливэй,Лю Ян,Фэй Цзюньлун,zhai_zhigang.jpg
Какой тип планет называют "суперземлями"?,Экзопланета с массой 1-10 масс Земли,Газовый гигант,Ледяной гигант,Планета-океан,superearth_exoplanet.jpg
Как называется гигантское облако газа, из которого рождаются звезды?,Молекулярное облако,Темная туманность,Ионизированный водород,Планетарная туманность,molecular_cloud.jpg
Какой космический корабль имел катастрофу во время миссии "Аполлон-13"?,Взрыв кислородного бака,Разрыв теплозащиты,Столкновение с астероидом,Отказ парашюта,apollo13_oxygen.jpg
Как называется орбитальная станция Китая?,"Тяньгун" (Небесный дворец),"Шэньчжоу","Тяньчжоу","Мяньянг",tiangong_station.jpg
Какая миссия NASA впервые сфотографировала Землю из космоса целиком ("Blue Marble")?,Аполлон-17,Аполлон-11,Вояджер-1,Спутник-1,blue_marble_apollo17.jpg
Какой элемент преобладает в атмосфере Венеры?,Углекислый газ,Серная кислота,Азот,Аргон,venus_co2.jpg
Как называется небесная сфера, на которую проецируются звезды?,Небесная сфера,Эклиптика,Галактический экватор,Небесный экватор,celestial_sphere.jpg
Какой тип темной материи исключительно горячий (релятивистский)?,Горячая темная материя (нейтрино),Холодная,Теплая,Бозонная,hot_dark_matter.jpg
Какой российский спутник впервые в мире сфотографировал черную дыру (совместно с EHT)?,Спектр-Р (Радиоастрон),Астрон,Гамма,Коронас,radioastron_eht.jpg
В каком городе находится Центр управления полетами в России?,Королёв (ЦУП),Москва,Химки,Жуковский,tsup_korolev.jpg
Сколько времени лететь до Плутона от Земли на зонде "Новые Горизонты"?,9.5 лет,1 год,20 лет,3 года,new_horizons_travel.jpg
Какой самый частотный гамма-телескоп (Fermi) открыл много пульсаров?,Fermi LAT,Спектр-РГ,INTEGRAL,AGILE,fermi_lat.jpg
Какой эффект замедляет время вблизи черной дыры?,Гравитационное замедление времени,Допплеровский сдвиг,Лоренцово сокращение,Эффект Панченко,time_dilation_black_hole.jpg
Как называется звезда, максимально яркая, когда водород кончается?,Гигант,Сверхгигант,Карлик,Субкарлик,red_giant.jpg
Какой астрономический прибор обнаруживает нейтрино?,Нейтринный детектор (Super-Kamiokande, IceCube),Радиотелескоп,Оптический телескоп,Гравитационный детектор,super_kamiokande.jpg
Какой российский модуль на МКС самый старый ("Заря")?,Первый модуль (1998),Звезда,Поиск,Рассвет,zarya_module.jpg
Какая частная компания разрабатывает скафандры Axiom для Луны?,Axiom Space,SpaceX,Boeing,Blue Origin,axiom_spacesuit.jpg
Как называется астероид с высоким содержанием металлов (никель-железо)?,M-тип астероид,S-тип,C-тип,D-тип,m_type_asteroid.jpg
Какая планета имеет самую большую гору (Олимп)?,Марс,Земля,Венера,Меркурий,olympus_mars.jpg
Сколько времени длится год на Уране?,84 земных года,165 лет,12 лет,29 лет,uranus_year.jpg
Как называется второй по величине спутник Нептуна?,Протей,Тритон,Нереида,Лариса,proteus_moon.jpg
Какой зонд впервые пролетел мимо астероида Гаспра?,Галилео (NASA),Кассини,Вояджер-2,NEAR,galileo_gaspra.jpg
Какой тип звездных остатков имеет массу до 1.4 массы Солнца?,Белый карлик (предел Чандрасекара),Нейтронная звезда,Черная дыра,Бозонная звезда,chandrasekhar_limit.jpg
Как называются метеориты, найденные в Антарктиде?,Антарктические метеориты,Ледяные метеориты,Глетчерные камни,Сидеролиты,antarctic_meteorite.jpg
Какая страна первой посадила зонд на обратную сторону Луны (Chang'e-4)?,Китай,Россия,США,Индия,change4_farside.jpg
Какой химический элемент даёт красный цвет туманностям?,Водород (H-альфа),Кислород,Азот,Гелий,h_alpha_nebula.jpg
Как звали собаку, вернувшуюся из космоса невредимой?,Стрелка и Белка (обе),Лайка,Звездочка,Ветерок,strelka_belka.jpg
Как называется тип орбиты, при которой спутник пересекает полюса?,Полярная орбита,Экваториальная,Наклонная,Синхронная,polar_orbit.jpg
Какой российский космический телескоп изучает рентгеновские источники?,Спектр-РГ (eROSITA),Радиоастрон,Миллиметрон,Гамма-400,spektr_rg_erosita.jpg
Сколько астероидов с диаметром более 1 км находится в Солнечной системе (приблизительно)?,~1 миллион,10 000,100 миллионов,500,million_asteroids.jpg
Какой спутник Земли имеет систему LIDAR для картографии?,LRO,Lunar Reconnaissance Orbiter,Чандраян-1,Селена,lro_lidar.jpg
Как называется проект NASA по захвату астероида (был отменен)?,ARM (Asteroid Redirect Mission),DART,Hera,OSIRIS-REx,asteroid_redirect.jpg
Какой советский луноход работал дольше всех (Луноход-2)?,4 месяца,1 год,2 недели,2 года,lunokhod2_long.jpg
Какой космический аппарат прислал фото колец Нептуна в 1989 году?,Вояджер-2,Вояджер-1,Кассини,Новые Горизонты,voyager2_neptune.jpg
Как называется слой ионосферы, отражающий радиоволны?,Слой E (Кеннелли-Хевисайда),Тропопауза,Мезопауза,Экзосфера,kennelly_heaviside.jpg
Какое место по яркости на небе занимает Юпитер (после Солнца, Луны, Венеры)?,4-е,3-е,2-е,5-е,jupiter_brightness.jpg
Какой двигатель создаёт тягу на принципе отдачи газов?,Реактивный двигатель,Ионный,Плазменный,Фотонный,rocket_engine_reaction.jpg
Как называются "горячие юпитеры",экзопланеты?,Газовые гиганты на близкой орбите к звезде,Ледяные гиганты,Суперземли,Мини-нептуны,hot_jupiter.jpg
Какой космический телескоп ищет экзопланеты транзитным методом?,TESS,Кеплер,Планк,Хаббл,tess_transit.jpg
Как называется российский проект многоразовой ракеты "Амур" (метан)?,"Амур-СПГ","Корона","Малахит","Феникс",amur_spg.jpg
Сколько длится солнечный цикл активности?,11 лет,22 года,1 год,100 лет,solar_cycle_11.jpg
Какой элемент доминирует на Церере?,Вода и глинистые минералы,Железо,Кремний,Магний,ceres_water.jpg
Какая миссия доставила образцы с астероида Бенну в 2023 году?,OSIRIS-REx,Хаябуса-2,Dawn,NEAR,osiris_rex_bennu.jpg
Как называется бортпроводник в космосе (профессия)?,Бортинженер,Космический турист,Командир,Специалист миссии,flight_engineer.jpg
Какой модуль стал первым жилым на МКС (российский)?,Звезда,Заря,Поиск,Рассвет,zvezda_module.jpg
Какой газовый гигант наиболее близок к Солнцу по составу?,Юпитер,Сатурн,Уран,Нептун,jupiter_sun_composition.jpg
Как называется результат столкновения галактик?,Галактическое слияние,Вспышка звездообразования,Эллиптическая галактика,Балдж,galactic_merger.jpg
Какой космический аппарат сфотографировал Землю как "бледно-синюю точку"?,Вояджер-1 (1990),Вояджер-2,Пионер-11,Кассини,pale_blue_dot.jpg
Какой элемент использован в ранцах маневрирования астронавтов (MMU)?,Сжатый азот,Кислород,Водород,Гелий,mmu_nitrogen.jpg
Сколько лун у Сатурна (подтвержденных на 2024 год)?,146,82,53,100+,saturn_moons_146.jpg
Как называется знаменитый кратер на Земле от астероида (Мексика)?,Чикшулуб,Баррингер,Вредефорт,Маникуаган,chicxulub_crater.jpg
Какой американский астронавт провел в космосе 371 день суммарно?,Скотт Келли,Пегги Уитсон,Крис Хэдфилд,Базз Олдрин,scott_kelly.jpg
Как называется самый яркий квазар в ультрафиолете?,3C 273,TON 618,APM 08279+5255,PG 0052+251,uv_quasar_3c273.jpg
Кто был первым человеком в космосе?,Юрий Гагарин,Герман Титов,Нил Армстронг,Алексей Леонов,gagarin_first.jpg
Как назывался космический корабль Юрия Гагарина?,Восток-1,Восход-1,Союз-1,Восток-2,vostok1_spacecraft.jpg
В каком году был запущен первый искусственный спутник Земли?,1957,1956,1958,1955,sputnik_1957.jpg
Кто был главным конструктором советской ракетно-космической техники?,Сергей Королёв,Валентин Глушко,Владимир Челомей,Михаил Янгель,korolev_designer.jpg
Как называлась первая в мире женщина-космонавт?,Валентина Терешкова,Светлана Савицкая,Елена Кондакова,Юлия Пересильд,tereshkova_first_woman.jpg
Какой космический корабль первым состыковался с другим в пилотируемом режиме?,Союз-4 и Союз-5,Аполлон и Союз,Джемини-8,Восток-3 и Восток-4,soyuz4_5_docking.jpg
Кто первым вышел в открытый космос?,Алексей Леонов,Эдвин Уайт,Юрий Гагарин,Владимир Комаров,leonov_spacewalk.jpg
Как назывался американский лунный модуль "Аполлона-11"?,Орел,Колумбия,Интрепид,Одиссей,eagle_lunar_module.jpg
Какой американский астронавт сделал знаменитую фразу "Это один маленький шаг..."?,Нил Армстронг,Базз Олдрин,Майкл Коллинз,Пит Конрад,armstrong_step.jpg
В каком году произошла катастрофа "Аполлона-13"?,1970,1969,1971,1968,apollo13_1970.jpg
Как называлась последняя миссия человека на Луну?,Аполлон-17,Аполлон-16,Аполлон-15,Аполлон-14,apollo17_last.jpg
Кто был первым космонавтом, совершившим полет в космос более одного раза?,Герман Титов,Юрий Гагарин,Владимир Комаров,Павел Попович,titov_twice.jpg
Как называется знаменитый советский (российский) спускаемый аппарат, используемый до сих пор?,Союз,Восток,Восход,Прогресс,soyuz_capsule.jpg
Какой космонавт установил рекорд по длительности одного полета (437 дней)?,Валерий Поляков,Сергей Крикалёв,Геннадий Падалка,Пётр Дубров,polyakov_437days.jpg
Как называлась американская программа доставки человека на Луну?,Аполлон,Меркурий,Джемини,Артемида,apollo_program.jpg
Какой американский астронавт был первым, кто вышел в открытый космос (США)?,Эдвин Уайт,Нил Армстронг,Базз Олдрин,Джон Гленн,ed_white_eva.jpg
Какая ракета-носитель использовалась для программы "Аполлон"?,Сатурн-5,Сатурн-1B,Титан-II,Атлас-В,saturn5_rocket.jpg
Как назывался советский аналог "Спейс Шаттла"?,Буран,Молния,Энергия,Байкал,buran_shuttle.jpg
Кто был первым космонавтом из Германии на советском корабле?,Зигмунд Йен,Томас Райтер,Ульф Мербольд,Александр Герст,jaehn_germany.jpg
Какой космический корабль доставил на МКС первый модуль "Заря"?,Спейс Шаттл "Индевор",Союз,Протон,Атлантис,endeavour_zarya.jpg
Кто был самым молодым космонавтом в истории (25 лет)?,Герман Титов,Юрий Гагарин,Владимир Комаров,Валентина Терешкова,titov_youngest.jpg
Какая станция была первой в мире долговременной орбитальной станцией?,Салют-1,Скайлэб,Мир,МКС,salyut1.jpg
В каком году была запущена станция "Мир"?,1986,1971,1973,1990,mir_1986.jpg
Как звали самого опытного космонавта (6 полетов, 803 дня в космосе)?,Сергей Крикалёв,Геннадий Падалка,Юрий Маленченко,Фёдор Юрчихин,krikalev_record.jpg
Какой космический аппарат был первым, достигшим Луны (жесткая посадка)?,Луна-2,Луна-1,Луна-3,Луна-9,luna2_first_hard_landing.jpg
Какая страна запустила первый геостационарный спутник (Syncom-2)?,США,СССР,Китай,Франция,syncom2_usa.jpg
Как называется российский грузовой корабль для МКС?,Прогресс,Союз,Протон,Заря,progress_cargo.jpg
Кто был первым космонавтом, совершившим выход в космос из станции "Мир"?,Владимир Титов,Муса Манаров,Александр Серебров,Леонид Кизим,titov_mir_spacewalk.jpg
Какой космический челнок (шаттл) первым совершил полет в 1981 году?,Колумбия,Атлантис,Дискавери,Индевор,columbia_sts1.jpg
Какой шаттл взорвался при старте в 1986 году?,Челленджер,Колумбия,Атлантис,Индевор,challenger_1986.jpg
Какой шаттл разбился при посадке в 2003 году?,Колумбия,Челленджер,Дискавери,Атлантис,columbia_2003.jpg
Как звали первого астронавта-афроамериканца (сша)?,Гай Блуфорд,Майкл Андерсон,Бенджамин Дэвис,Рональд Макнейр,bluford_african.jpg
Как звали первого астронавта-китайца в космосе?,Ян Ливэй,Чжай Чжиган,Лю Ян,Фэй Цзюньлун,yang_liwei.jpg
Какая миссия "Аполлон" была неудачной и не села на Луну из-за взрыва?,Аполлон-13,Аполлон-12,Аполлон-10,Аполлон-14,apollo13_failure.jpg
Какой космонавт был первым, кто управлял транспортным кораблем вручную (Союз-1)?,Владимир Комаров,Юрий Гагарин,Алексей Леонов,Павел Беляев,komarov_manual.jpg
Кто был первым космонавтом, погибшим при выполнении полета (Союз-1)?,Владимир Комаров,Юрий Гагарин,Павел Беляев,Григорий Нелюбов,komarov_death.jpg
Как назывался первый пилотируемый корабль США?,Меркурий-Редстоун-3 (Freedom 7),Джемини-3,Аполлон-1,Меркурий-Атлас-6,mercury_freedom7.jpg
Как звали первого астронавта США на орбите (три витка)?,Джон Гленн,Алан Шепард,Скотт Карпентер,Уолли Ширра,glenn_orbital.jpg
Кто был первым космонавтом, выполнившим стыковку в космосе (вручную)?,Алексей Елисеев и Евгений Хрунов,Владимир Шаталов,Борис Волынов,Георгий Береговой,eliseev_docking.jpg
Как называется российский скафандр для выхода в открытый космос?,Орлан,Сокол,Беркут,Кречет,orlan_spacesuit.jpg
Какой американский скафандр использовался на Луне?,A7L (Apollo),EMU,Sokol,Orlan,a7l_spacesuit.jpg
Какая ракета-носитель самая мощная из когда-либо успешно запущенных?,Сатурн-5,Энергия,SLS (Block 1),Falcon Heavy,saturn5_most_powerful.jpg
Как назывался советский проект по многоразовой системе "Буран"?,Энергия-Буран,Молния,Спираль,Заря,energia_buran.jpg
Кто был первым космонавтом, совершившим полет без скафандра?,Владимир Комаров (Союз-1),Юрий Гагарин (Восток-1),Герман Титов,Павел Попович,komarov_no_suit.jpg (фактически Восток-1 был без скафандра? Нет, Гагарин был в СК-1. Первый без скафандра,Каманин? Лучше точный факт: Первый полет без скафандра,Восход-1 (1964) Комаров, Феоктистов, Егоров),первый полет без скафандра,Восход-1 все трое,voskhod1_no_suit.jpg (в ответе: Владимир Комаров, Константин Феоктистов, Борис Егоров)
(Упростим) Кто был командиром "Восхода-1" (первый полет без скафандров)?,Владимир Комаров,Павел Беляев,Георгий Береговой,Борис Волынов,komarov_voskhod1.jpg
Как назывался первый лунный ровер, доставленный на Луну?,Луноход-1 (СССР),LRV (Аполлон),Лунный вездеход,Селеноход,lunokhod1_first.jpg
Какой космический аппарат первым совершил мягкую посадку на Луне?,Луна-9,Луна-2,Луна-10,Сервейер-1,luna9_soft_landing.jpg
Как называлась программа СССР по отправке человека на Луну?,Н1-Л3,УР-500К,Зонд,Союз 7К-Л1,n1_l3_program.jpg
Кто был главным конструктором "лунной гонки" в США?,Вернер фон Браун,Роберт Годдард,Джин Кранц,Кристофер Крафт,von_braun.jpg
Как назывались тестовые беспилотные полеты "Союза" для отработки стыковки?,Космос-186/188,Космос-212/213,Союз-2/3,Союз-3,cosmos186_188.jpg
Какой советский космический корабль мог нести 3 космонавта без скафандров?,Восход,Восток,Союз,Прогресс,voskhod_3crew.jpg
Какая женщина-космонавт совершила выход в открытый космос?,Светлана Савицкая,Валентина Терешкова,Елена Кондакова,Анна Кикина,savitskaya_spacewalk.jpg
Как звали первую американскую женщину в космосе?,Салли Райд,Кэтрин Салливан,Мэй Джемисон,Пэгги Уитсон,sally_ride_first.jpg
Кто был первым космонавтом, запущенным с космодрома "Плесецк"?,Георгий Береговой,Владимир Шаталов,Борис Волынов,Павел Попович,beregovoy_plesetsk.jpg
Как называлась американская программа пилотируемых полетов до "Аполлона"?,Джемини,Меркурий,Орион,Артемида,gemini_program_before.jpg
Какой астронавт играл в гольф на Луне?,Алан Шепард (Аполлон-14),Нил Армстронг,Эдвин Олдрин,Чарльз Дьюк,shepard_golf.jpg
Как звали самого пожилого космонавта в космосе?,Джон Гленн (77 лет, STS-95),Пегги Уитсон,Скотт Келли,Юрий Гагарин,glenn_oldest.jpg
Какой космический корабль называется "Клипер" (проект)?,Многоразовый корабль РКК Энергия,Dream Chaser,Starship,Орел,clipper_russia.jpg
Какой индийский зонд обнаружил воду на Луне в 2008 году?,Чандраян-1,Чандраян-2,Мангальян,Чандраян-3,chandrayaan1_water.jpg
Как назывались две собаки, успешно вернувшиеся из космоса?,Белка и Стрелка,Лайка и Звездочка,Жулька и Альфа,Ветерок и Уголек,belka_strelka.jpg
Какой космонавт пробыл в космосе 803 дня суммарно (рекорд)?,Геннадий Падалка,Сергей Крикалёв,Валерий Поляков,Юрий Маленченко,padalka_803days.jpg
Какой корабль доставил на Землю первых космонавтов после высадки на Луну (Аполлон-11)?,Командный модуль "Колумбия",Лунный модуль "Орел",Шаттл,Союз,columbia_cm.jpg
Как называется орбитальный модуль, созданный компанией SpaceX для туристов?,Crew Dragon,Starship,Dragon XL,Dragon 2,crew_dragon.jpg
Какой российский скафандр используется внутри корабля "Союз"?,Сокол,Орлан,Беркут,Стриж,sokol_spacesuit.jpg
Кто был первым космонавтом, отметившим день рождения в космосе?,Юрий Гагарин,Герман Титов,Валентина Терешкова,Владимир Комаров,titov_birthday.jpg
Какой космонавт-художник рисовал в космосе (первый)?,Алексей Леонов,Юрий Гагарин,Геннадий Падалка,Сергей Рязанский,leonov_painter.jpg
В каком году состоялась стыковка "Союз-Аполлон" (ЭПАС)?,1975,1972,1978,1981,epas_1975.jpg
Как назывался первый ядерный ракетный двигатель (СССР)?,РД-0410,НК-33,РД-180,ЯРД-1,rd0410_nuclear.jpg
Какая российская ракета-носитель использует метан (проект)?,Амур-СПГ,Ангара-А5В,Союз-5,Енисей,amur_spg_methane.jpg
Кто из американских астронавтов имеет наибольшее суммарное время в космосе?,Пегги Уитсон (675 дней),Скотт Келли,Крис Хэдфилд,Джон Гленн,whitson_record.jpg
Какой советский космический аппарат впервые сфотографировал обратную сторону Луны?,Луна-3,Луна-2,Луна-1,Луна-10,luna3_farside.jpg
Как называется российский космический буксир (ядерный)?,Зевс (Транспортно-энергетический модуль),Гром,Атом,Феникс,zeus_nuclear_tug.jpg
Какой американский разгонный блок использовался для доставки зондов к планетам?,Центавр (Centaur),Фрегат,Бриз-М,Стар-48,centaur_upper.jpg
Кто был первым космонавтом, женившимся после полета, но обручившимся по радио?,Юрий Гагарин,Алексей Леонов,Герман Титов,Павел Беляев,titov_radio_wedding.jpg
Как называется технология "возврат первой ступени" от SpaceX?,Пропульсивная посадка,Аэродинамический спуск,Парашютная система,Автономное возвращение,propulsive_landing.jpg
Какой двигатель установлен на первой ступени Falcon 9?,Merlin 1D,Raptor,BE-4,RD-180,merlin1d_engine.jpg
Какая ракета SpaceX полностью многоразовая (в разработке)?,Starship,Falcon Heavy,Falcon 9,Dragon,starship_fully_reusable.jpg
Как звали американского астронавта, который потерял перчатку во время выхода?,Эдвард Уайт,Брюс Маккэндлесс,Майкл Коллинз,Юджин Сернан,white_glove_loss.jpg
Какая собака была первой, отправившейся в космос и погибшей?,Лайка (Спутник-2),Стрелка,Белка,Жучка,laika_death.jpg
Какой российский лунный посадочный модуль разрабатывается для миссии "Луна-27"?,Луна-27 (посадочный),Луна-25,Луна-26,Луна-28,luna27_lander.jpg
Кто был первым астронавтом Европейского космического агентства (ЕКА)?,Ульф Мербольд (Германия),Томас Райтер,Клод Николье,Жан-Франсуа Клервуа,merbold_esa.jpg
Какой корабль выполнил спасение экипажа МКС в 2023 году (замена "Союза")?,SpaceX Crew Dragon (Crew-5),Союз МС-22,Прогресс,Белый лебедь,dragon_rescue.jpg
Как называется прибор для дозиметрии на МКС?,Дозиметр,Радиометр,Спектрометр,Детектор,dosimeter_iss.jpg
Какой космический аппарат НАСА сейчас летит к Европе (спутник Юпитера)?,Europa Clipper,JUICE,Галилео,Кассини,europa_clipper.jpg
Какая китайская миссия доставила грунт с обратной стороны Луны?,Чанъэ-6,Чанъэ-5,Чанъэ-4,Чанъэ-7,change6_sample.jpg
Какой рекорд скорости принадлежит пилотируемому кораблю "Аполлон-10"?,39 896 км/ч,28 000 км/ч,40 000 км/ч,35 000 км/ч,apollo10_speed_record.jpg
Какой американский астронавт сделал "фото Земли с Луны" (Earthrise)?,Уильям Андерс (Аполлон-8),Нил Армстронг,Базз Олдрин,Фрэнк Борман,anders_earthrise.jpg
Как называется российский проект сверхтяжелой ракеты "Енисей"?,Был отменен в 2021 году,Энергия-5В,Союз-7,Амур-СПГ,yenisei_cancelled.jpg
Кто был первым и единственным космонавтом, совершившим полет на "Восходе-2"?,Павел Беляев и Алексей Леонов,Павел Беляев, Алексей Леонов,Владимир Комаров,Георгий Береговой,voskhod2_crew.jpg
Как называется двигатель разработки Blue Origin (BE-4)?,BE-4,Raptor,Merlin,RD-180,be4_engine.jpg
Какой параметр измеряет "гравиметрическая карта" от GRACE?,Изменение гравитационного поля Земли,Магнитное поле,Сейсмическую активность,Климат,grace_gravity.jpg
Какой самый тяжелый искусственный спутник находится на орбите Земли?,МКС (~450 тонн),Хаббл,Спектр-РГ,Envisat,iss_heaviest.jpg
Как называется российский модуль, пристыкованный к МКС в 2021 году ("Наука")?,Многофункциональный лабораторный модуль "Наука","Причал","Рассвет","Звезда",nauka_2021.jpg
Какой космический корабль "Прогресс" имеет грузоподъемность ~2.5 тонны?,Прогресс МС,Прогресс М,Прогресс М1,Прогресс М2,progress_ms_cargo.jpg
Кто был первым космонавтом, дважды Героем Советского Союза (первый среди дважды)?,Владимир Комаров (посмертно),Юрий Гагарин,Алексей Леонов,Герман Титов,komarov_twice.jpg
Какой российский центр подготовки космонавтов носит имя Гагарина?,ЦПК им. Ю.А. Гагарина,ЦНИИмаш,РКК Энергия,ИМБП РАН,gagarin_ctc.jpg
Какой космодром находится в Амурской области (Россия)?,Восточный,Плесецк,Байконур,Капустин Яр,vostochny_cosmodrome.jpg
Какой спутник был запущен первым в мире с завода "Арсенал"?,Космос-1,Спутник-1,Спутник-2,Протон-1,cosmos1_arsenal.jpg
Какие США астронавты работали с советской станцией "Мир" (программа "Мир-Шаттл")?,Норман Тагард, Шеннон Лучид и др.,Джон Гленн,Нил Армстронг,Салли Райд,tagard_mir.jpg
Какой космический аппарат первым провел гравитационный маневр у Юпитера?,Пионер-10,Вояджер-1,Вояджер-2,Пионер-11,pioneer10_gravity.jpg
Как называется спутник "Луна-25", разбившийся в 2023 году?,Российский посадочный модуль,Индийский зонд,Китайский луноход,Американский орбитер,luna25_crash.jpg
Какой американский корабль "Орион" совершил беспилотный облет Луны (Artemis I)?,Орион,Аполлон,Артемида,Одиссей,orion_artemis1.jpg
Какой российский космонавт беспилотно управлял кораблем "Союз МС-18"?,Олег Новицкий,Сергей Рыжиков,Антон Шкаплеров,Пётр Дубров,novitsky_remote.jpg
Завершающий вопрос: Как звали первого астронавта, который вышел в отрытый космос без привязи (MMU)?,Брюс Маккэндлесс,Роберт Гибсон,Джозеф Аллен,Дейл Гарднер,mccandless_free_floating.jpg